ASIN,SKU,FNSKU,Marketplace,Category,Product,Parent-Child
B0H42BKJ86,CL750-3.5-USBC,,USA,CL750 C,new2_750,PARENT
B087JVV8FK,new2_750_Black1,B087JVV8FK,USA,CL750 OnE,new2_750_Black1,CHILD
B087JW59FX,new2_750_Red,B087JW59FX,USA,CL750 OnE,new2_750_Red,CHILD
B087JWTWF9,new2_750_Tur,B087JWTWF9,USA,CL750 OnE,new2_750_Tur,CHILD
B0DP9WCPGC,new2_750_lavender,B0DP9WCPGC,USA,CL750 OnE,new2_750_lavender,CHILD
B0FCTK8HF3,new2_750_Rose,B0FCTK8HF3,USA,CL750 OnE,new2_750_Rose,CHILD
B0FH6RD2HZ,new2_750_Burgundy,B0FH6RD2HZ,USA,CL750 OnE,new2_750_Burgundy,CHILD
B0GC69Z1P4,new2_750_Silver,B0GC69Z1P4,USA,CL750 OnE,new2_750_Silver,CHILD
B0GC6DZVT7,new2_750_Champagne,B0GC6DZVT7,USA,CL750 OnE,new2_750_Champagne,CHILD
B0H8PL1J8S,new2_750_Blue,B0H8PL1J8S,USA,CL750 OnE,new2_750_Blue,CHILD
B0DP9WQNVQ,cl750-usbc-graphite,B0DP9WQNVQ,USA,CL750 C,cl750-usbc-graphite,CHILD
B0DPB235D9,cl750-usbc-blue,B0DPB235D9,USA,CL750 C,cl750-usbc-blue,CHILD
B07196FH91,Over-Ear-and-Wireless,,USA,CL750 OvE & WL,Over-Ear-and-Wireless,PARENT
B0FSRLD22F,CL750_OE_Brown,B0FSRLD22F,USA,CL750 OvE,CL750_OE_Brown,CHILD
B0FWRPQHZ8,CL750_OE_DarkBrown,B0FWRPQHZ8,USA,CL750 OvE,CL750_OE_DarkBrown,CHILD
B0FWRNHXMB,CL750_OE_Blue,B0FWRNHXMB,USA,CL750 OvE,CL750_OE_Blue,CHILD
B0FWRNZGTZ,CL750_OE_Black,B0FWRNZGTZ,USA,CL750 OvE,CL750_OE_Black,CHILD
B0GHPBZ8P3,CL750_Wireless_Blue,B0GHPBZ8P3,USA,CL750 WL,CL750_Wireless_Blue,CHILD
B0GC6P3Z3T,CL750_Wireless,B0GC6P3Z3T,USA,CL750 WL,CL750_Wireless,CHILD
B0F9PS3LJ6,Kidrox-Family,,USA,Kidrox Tiger,Kidrox-Family,PARENT
B07PXDXSJJ,tiger,B07PXDXSJJ,USA,Kidrox Tiger,tiger,CHILD
B0996774YG,tiger_t,B0996774YG,USA,Kidrox Tiger,tiger_t,CHILD
B0999FTJG1,tiger_b,B0999FTJG1,USA,Kidrox Tiger,tiger_b,CHILD
B0DMW5KQQ2,tiger-p,B0DMW5KQQ2,USA,Kidrox Tiger,tiger-p,CHILD
B0H9YK3931,NRGC-MFI-NRG3,,USA,NRG Family,NRGC-MFI-NRG3,PARENT
B01D3QZB2Y,nrg3.0grayblack,B01D3QZB2Y,USA,NRG 3.0,nrg3.0grayblack,CHILD
B01D3QZA84,nrg3.0bluegray,B01D3QZA84,USA,NRG 3.0,nrg3.0bluegray,CHILD
B01D3QZAAC,nrg3.0redgray,B01D3QZAAC,USA,NRG 3.0,nrg3.0redgray,CHILD
B0H4ZXWZ3H,nrg3.0_harborblue,B0H4ZXWZ3H,USA,NRG 3.0,nrg3.0_harborblue,CHILD
B0H4ZNG6WG,nrg3.0_ember,B0H4ZNG6WG,USA,NRG 3.0,nrg3.0_ember,CHILD
B07XJWNGPG,MFI_black,B07XJWNGPG,USA,NRG MFi,MFI_black,CHILD
B07XL1LLHM,MFI_white,B07XL1LLHM,USA,NRG MFi,MFI_white,CHILD
B0CGKHHD88,nrgc-fba,B0CGKHHD88,USA,NRG C,nrgc-fba,CHILD
B0DLKPL37K,nrgc-blue,B0DLKPL37K,USA,NRG C,nrgc-blue,CHILD
B0DLKNVG27,nrgc-pink,B0DLKNVG27,USA,NRG C,nrgc-pink,CHILD
B0DLKRZFQT,nrgc-teal,B0DLKRZFQT,USA,NRG C,nrgc-teal,CHILD
B0GJ6N9915,EMF-NRGX Family,,USA,NRG EMF,EMF,PARENT
B0G6FLFWVH,emf-mfi,B0G6FLFWVH,USA,NRG EMF,emf-mfi,CHILD
B0G66LX57V,emf-3.5mm,B0G66LX57V,USA,NRG EMF,emf-3.5mm,CHILD
B0G6F8JGQ3,emf-usbc,B0G6F8JGQ3,USA,NRG EMF,emf-usbc,CHILD
B0H7JS21NY,Artix Family,,CANADA,CL750 OnE,Artix Family,PARENT
B099QJ2CM9,tiger_ca_parent,,CANADA,Kidrox Tiger,Kidrox-Family,PARENT
B07NBN1G7T,NRG3.0-Parent,,CANADA,NRG 3.0,NRG3.0-Parent,PARENT
B09P421THD,MFI_Fam_Ca,,CANADA,NRG MFi,MFI,PARENT
B0H6XD2R6Y,Artix Family,,UK,CL750 OnE,Artix Family,PARENT
B0H71FN1FQ,Kidrox Family,,UK,Kidrox Tiger,Kidrox Family,PARENT
B0DWN6Y688,NRG 3.0 Parent,,UK,NRG 3.0,NRG 3.0 Parent,PARENT
B0DWNBWGC5,Symphonized Parent,,UK,NRG Family,Symphonized Parent,
B07K1QHBRR,NRGX-EMF,,UK,NRG EMF,EMF,PARENT
B0DLKRCYTT,emf-mfi,B0DLKRCYTT,UK,NRG EMF,emf-mfi,CHILD
B0DLKW5K4H,emf-3.5mm,B0DLKW5K4H,UK,NRG EMF,emf-3.5mm,CHILD
B0F32GRNZ2,emf-usb-c,B0F32GRNZ2,UK,NRG EMF,emf-usbc,CHILD
B0DM96QDKD,dino-LED,B0DM96QDKD,USA,Dino LED,Dino LED,CHILD
B07XPVJHRJ,NRGX White,B07XPVJHRJ,USA,NRG X,NRG X,CHILD
B0BMGGFSJQ,letterpool,B0BMGGFSJQ,USA,Letterpool,Letterpool,CHILD
B01FL0WAV0,XTC Red 2,B01FL0WAV0,USA,XTC 2,XTC Red 2,CHILD
B00WXN72NK,NRG 2 Purple,B00WXN72NK,USA,NRG 2,NRG 2 Purple,CHILD
B0H25ZQ39Z,NRG 2 Red,B0H25ZQ39Z,USA,NRG 2,NRG 2 Red,CHILD
B08WKMVP4Q,SNRGY,B08WKMVP4Q,USA,SNRGY,SNRGY,CHILD
B00OX6YR9W,XTC Red,B00OX6YR9W,USA,XTC,XTC Red,CHILD
B08WLTQR12,i440 Carbon,B08WLTQR12,USA,i440,i440 Carbon,CHILD
B01MRKWIBI,ALN 2 Silver,B01MRKWIBI,USA,ALN 2,ALN 2 Silver,CHILD
B016C6Z1KY,NRG 2 Orange,B016C6Z1KY,USA,NRG 2,NRG 2 Orange,CHILD
B016C6Z1OA,NRG 2 Red,B016C6Z1OA,USA,NRG 2,NRG 2 Red,CHILD
B0C4413MTZ,Freaky Rumors,B0C4413MTZ,USA,Freaky Rumors,Freaky Rumors,CHILD
B0DSC67F9H,Dino Gold,B0DSC67F9H,USA,Dino Gold,Dino Gold,CHILD
B08WLT6LFR,i440 Red,B08WLT6LFR,USA,i440,i440 Red,CHILD
B08Y8S5BRF,Backpack Green,B08Y8S5BRF,USA,Backpack,Backpack Green,CHILD
B01D3QZC5U,NRG 3 Purple,B01D3QZC5U,USA,NRG 3.0,NRG 3 Purple,CHILD
B00LH3PQXA,MTRX Red,B00LH3PQXA,USA,MTRX,MTRX Red,CHILD
B0CW6KQ1XS,NRG C Black,B0CW6KQ1XS,USA,NRG C,NRG C Black,CHILD
